-- phpMyAdmin SQL Dump
-- version 5.1.1
-- https://www.phpmyadmin.net/
--
-- Máy chủ: 127.0.0.1:3306
-- Thời gian đã tạo: Th4 26, 2024 lúc 03:27 PM
-- Phiên bản máy phục vụ: 5.7.36
-- Phiên bản PHP: 8.0.13

SET SQL_MODE = "NO_AUTO_VALUE_ON_ZERO";
START TRANSACTION;
SET time_zone = "+00:00";


/*!40101 SET @OLD_CHARACTER_SET_CLIENT=@@CHARACTER_SET_CLIENT */;
/*!40101 SET @OLD_CHARACTER_SET_RESULTS=@@CHARACTER_SET_RESULTS */;
/*!40101 SET @OLD_COLLATION_CONNECTION=@@COLLATION_CONNECTION */;
/*!40101 SET NAMES utf8mb4 */;

--
-- Cơ sở dữ liệu: `testdien`
--

-- --------------------------------------------------------

--
-- Cấu trúc bảng cho bảng `cthoadon`
--

DROP TABLE IF EXISTS `cthoadon`;
CREATE TABLE IF NOT EXISTS `cthoadon` (
  `mahd` varchar(15) COLLATE utf8mb4_unicode_ci NOT NULL,
  `madk` varchar(15) COLLATE utf8mb4_unicode_ci NOT NULL,
  `dntt` int(11) DEFAULT NULL,
  `tongtiendien` varchar(255) COLLATE utf8mb4_unicode_ci NOT NULL,
  `tienthue` varchar(255) COLLATE utf8mb4_unicode_ci NOT NULL,
  PRIMARY KEY (`mahd`,`madk`),
  KEY `fk_cthoadon_madk` (`madk`)
) ENGINE=InnoDB DEFAULT CHARSET=utf8mb4 COLLATE=utf8mb4_unicode_ci;

--
-- Đang đổ dữ liệu cho bảng `cthoadon`
--

INSERT INTO `cthoadon` (`mahd`, `madk`, `dntt`, `tongtiendien`, `tienthue`) VALUES
('240412155314', '2', 211, '291.618', '29.162'),
('240412234531', '2', 143, '180.272', '18.027'),
('240413012415', '3', 245, '352.410', '35.241'),
('240413012917', '2', 546, '928.402', '92.840'),
('240413183757', '3', 310, '469.870', '46.987'),
('240416000110', '2', 100, '124.200', '12.420'),
('240416221449', '2', 122, '122.000', '12.200'),
('240416222347', '2', 333, '333.000', '33.300'),
('240416232332', '2', 333, '513.846', '51.385'),
('240416235901', '2', 135, '166.590', '16.659'),
('240417001326', '2', 42, '63.924', '6.392'),
('240423020911', '00000012', 242, '368.138', '36.814'),
('240423112957', '1', 199, '283.861', '28.386'),
('240423151331', '1', 146, '190.376', '19.038'),
('240423151541', '00000014', 250, '383.850', '38.385'),
('240423151628', '00000014', 350, '616.050', '61.605'),
('240423152115', '00000014', 360, '639.270', '63.927'),
('240423152755', '00000014', 840, '1.753.830', '175.383'),
('240423152918', '00000014', 700, '1.428.750', '142.875'),
('240423153729', '00000012', 559, '1.101.348', '110.135'),
('240423153830', '00000014', 450, '848.250', '84.825'),
('24042413262703', '00000012', 19, '42.218', '4.222'),
('24042422173888', '00000013', 233, '536.152', '53.615'),
('24042614341062', '00000016', 342, '835.208', '83.521'),
('24042621034500', '00000014', 261, '608.489', '60.849');

-- --------------------------------------------------------

--
-- Cấu trúc bảng cho bảng `dienke`
--

DROP TABLE IF EXISTS `dienke`;
CREATE TABLE IF NOT EXISTS `dienke` (
  `madk` varchar(15) COLLATE utf8mb4_unicode_ci NOT NULL,
  `makh` varchar(15) COLLATE utf8mb4_unicode_ci DEFAULT NULL,
  `ngaysx` datetime DEFAULT NULL,
  `ngaylap` datetime DEFAULT NULL,
  `mota` varchar(100) COLLATE utf8mb4_unicode_ci DEFAULT NULL,
  `trangthai` int(1) DEFAULT NULL,
  PRIMARY KEY (`madk`),
  KEY `fk_dienke_makh` (`makh`)
) ENGINE=InnoDB DEFAULT CHARSET=utf8mb4 COLLATE=utf8mb4_unicode_ci;

--
-- Đang đổ dữ liệu cho bảng `dienke`
--

INSERT INTO `dienke` (`madk`, `makh`, `ngaysx`, `ngaylap`, `mota`, `trangthai`) VALUES
('00000012', '12', '2024-04-01 02:00:00', '2024-04-16 00:00:00', 'ok Dien ap 300000V', 1),
('00000013', '12', '2024-04-17 01:03:00', '2024-04-25 01:03:00', 'pikachu điện áp 3000000v', 0),
('00000014', '10', '2024-04-01 15:15:00', '2024-04-22 15:15:00', 'ok', 1),
('00000016', '0000000000014', '2024-04-01 14:31:00', '2024-04-11 14:31:00', 'ok', 0),
('00000018', '4', '2024-04-12 14:59:00', '2024-04-18 14:59:00', 'okkkkkkkkkkkkk', 1),
('00000019', '11', '2024-04-03 15:30:00', '2024-04-14 15:30:00', '23v', 1),
('1', '1', '2024-04-01 01:58:37', '2024-04-04 01:58:37', 'New', 1),
('2', '1', '2024-04-07 06:30:15', '2024-04-07 06:30:15', 'Ok', 1),
('3', '2', '2024-04-07 10:37:14', '2024-04-07 10:37:14', 'Ok', 1);

-- --------------------------------------------------------

--
-- Cấu trúc bảng cho bảng `giadien`
--

DROP TABLE IF EXISTS `giadien`;
CREATE TABLE IF NOT EXISTS `giadien` (
  `mabac` int(15) NOT NULL AUTO_INCREMENT,
  `tenbac` varchar(50) CHARACTER SET utf8 DEFAULT NULL,
  `tusokw` int(11) DEFAULT NULL,
  `densokw` int(11) DEFAULT NULL,
  `dongia` varchar(255) COLLATE utf8mb4_unicode_ci DEFAULT NULL,
  `ngayapdung` datetime DEFAULT NULL,
  PRIMARY KEY (`mabac`)
) ENGINE=InnoDB AUTO_INCREMENT=100 DEFAULT CHARSET=utf8mb4 COLLATE=utf8mb4_unicode_ci;

--
-- Đang đổ dữ liệu cho bảng `giadien`
--

INSERT INTO `giadien` (`mabac`, `tenbac`, `tusokw`, `densokw`, `dongia`, `ngayapdung`) VALUES
(47, 'Bậc 1', 0, 150, '1.234', '2024-04-16 23:52:36'),
(48, 'Bậc 2', 151, 200, '1.345', '2024-04-16 23:52:36'),
(49, 'Bậc 3', 201, 250, '1.456', '2024-04-16 23:52:36'),
(50, 'Bậc 4', 251, 300, '1.567', '2024-04-16 23:52:36'),
(51, 'Bậc 5', 301, 350, '1.678', '2024-04-16 23:52:36'),
(52, 'Bậc 6', 351, 400, '1.789', '2024-04-16 23:52:36'),
(53, 'Bậc 7', 400, NULL, '1.890', '2024-04-16 23:52:36'),
(54, 'Bậc 1', 0, 100, '1.522', '2024-04-17 00:00:10'),
(55, 'Bậc 2', 101, 200, '1.789', '2024-04-17 00:00:10'),
(56, 'Bậc 3', 201, 300, '1.892', '2024-04-17 00:00:10'),
(57, 'Bậc 4', 301, 400, '1.992', '2024-04-17 00:00:10'),
(58, 'Bậc 5', 401, NULL, '2.033', '2024-04-17 00:00:10'),
(59, 'Bậc 1', 0, 100, '1.234', '2024-04-17 14:28:03'),
(60, 'Bậc 2', 101, 150, '1.345', '2024-04-17 14:28:03'),
(61, 'Bậc 3', 151, NULL, '2.666', '2024-04-17 14:28:03'),
(62, 'Bậc 1', 0, 100, '0.998', '2024-04-20 13:44:31'),
(63, 'Bậc 2', 101, 150, '1.234', '2024-04-20 13:44:31'),
(64, 'Bậc 3', 151, 200, '1.456', '2024-04-20 13:44:31'),
(65, 'Bậc 4', 201, NULL, '1.567', '2024-04-20 13:44:31'),
(66, 'Bậc 1', 0, 100, '1.234', '2024-04-22 21:35:12'),
(67, 'Bậc 2', 101, 150, '1.456', '2024-04-22 21:35:12'),
(68, 'Bậc 3', 151, 200, '1.789', '2024-04-22 21:35:12'),
(69, 'Bậc 4', 201, 250, '1.964', '2024-04-22 21:35:12'),
(70, 'Bậc 5', 251, NULL, '2.322', '2024-04-22 21:35:12'),
(71, 'Bậc 1', 0, 150, '2.222', '2024-04-23 15:40:10'),
(72, 'Bậc 2', 151, 250, '2.444', '2024-04-23 15:40:10'),
(73, 'Bậc 3', 251, 350, '2.799', '2024-04-23 15:40:10'),
(74, 'Bậc 4', 351, NULL, '3.011', '2024-04-23 15:40:10');

-- --------------------------------------------------------

--
-- Cấu trúc bảng cho bảng `hoadon`
--

DROP TABLE IF EXISTS `hoadon`;
CREATE TABLE IF NOT EXISTS `hoadon` (
  `mahd` varchar(15) COLLATE utf8mb4_unicode_ci NOT NULL,
  `manv` int(15) DEFAULT NULL,
  `ky` varchar(7) COLLATE utf8mb4_unicode_ci DEFAULT NULL,
  `tungay` datetime DEFAULT NULL,
  `denngay` datetime DEFAULT NULL,
  `chisodau` int(11) DEFAULT NULL,
  `chisocuoi` int(11) DEFAULT NULL,
  `tongthanhtien` varchar(255) COLLATE utf8mb4_unicode_ci DEFAULT NULL,
  `ngaylaphd` datetime DEFAULT NULL,
  `tinhtrang` int(1) DEFAULT NULL,
  PRIMARY KEY (`mahd`),
  KEY `fk_manv_nhanvien` (`manv`)
) ENGINE=InnoDB DEFAULT CHARSET=utf8mb4 COLLATE=utf8mb4_unicode_ci;

--
-- Đang đổ dữ liệu cho bảng `hoadon`
--

INSERT INTO `hoadon` (`mahd`, `manv`, `ky`, `tungay`, `denngay`, `chisodau`, `chisocuoi`, `tongthanhtien`, `ngaylaphd`, `tinhtrang`) VALUES
('240412155314', 1, '04/2024', '2024-04-06 15:42:00', '2024-05-06 15:42:00', 0, 211, '320.780', '2024-04-12 15:53:17', 0),
('240412234531', 1, '03/2024', '2024-03-01 15:53:17', '2024-03-31 23:45:00', 211, 354, '198.299', '2024-03-01 23:45:35', 1),
('240413012415', 1, '04/2024', '2024-04-01 01:24:00', '2024-04-30 01:24:00', 100, 345, '387.651', '2024-04-13 01:24:26', 1),
('240413012917', 1, '04/2024', '2024-04-12 23:45:35', '2024-05-03 01:29:00', 354, 900, '1.021.242', '2024-04-13 01:30:22', 1),
('240413183757', 1, '04/2024', '2024-04-13 01:24:26', '2024-05-13 18:38:00', 345, 655, '516.857', '2024-04-13 18:38:08', 0),
('240416000110', 1, '04/2024', '2024-04-13 01:30:22', '2024-04-14 00:38:00', 900, 1000, '136.620', '2024-04-16 00:38:06', 0),
('240416221449', 1, '04/2024', '2024-04-16 00:38:06', '2024-05-10 22:14:00', 1000, 1122, '134.205', '2024-04-16 22:14:55', 0),
('240416222347', 1, '04/2024', '2024-04-16 22:14:55', '2024-05-16 22:23:00', 1122, 1455, '366.300', '2024-04-16 22:23:53', 1),
('240416232332', 1, '04/2024', '2024-04-16 22:23:53', '2024-05-16 23:23:00', 1455, 1788, '565.231', '2024-04-16 23:23:45', 0),
('240416235901', 1, '05/2024', '2024-04-16 23:23:45', '2024-05-16 23:58:00', 1788, 1923, '183.249', '2024-04-16 23:59:04', 0),
('240417001326', 1, '06/2024', '2024-04-16 23:59:04', '2024-05-16 00:13:00', 1923, 1965, '70.316', '2024-04-17 00:13:29', 0),
('240423020911', 1, '04/2024', '2024-04-01 02:09:00', '2024-04-30 02:09:00', 0, 242, '404.952', '2024-04-23 02:09:16', 0),
('240423112957', 1, '04/2024', '2024-04-01 11:30:00', '2024-04-30 11:30:00', 0, 199, '312.247', '2024-04-23 11:30:06', 0),
('240423151331', 1, '04/2024', '2024-04-23 11:30:06', '2024-05-08 15:13:00', 199, 345, '209.414', '2024-04-23 15:13:33', 1),
('240423151541', 1, '04/2024', '2024-04-01 15:15:00', '2024-04-30 15:15:00', 0, 250, '422.235', '2024-04-23 15:15:50', 0),
('240423151628', 1, '05/2024', '2024-04-23 15:15:50', '2024-05-23 15:16:00', 250, 600, '677.655', '2024-04-23 15:16:57', 0),
('240423152115', 1, '05/2024', '2024-04-23 15:16:57', '2024-04-28 15:22:00', 600, 960, '703.197', '2024-04-23 15:22:48', 0),
('240423152755', 1, '04/2024', '2024-04-23 15:22:48', '2024-05-02 15:27:00', 960, 1800, '1.929.213', '2024-04-23 15:27:59', 0),
('240423152918', 1, '04/2024', '2024-04-23 15:27:59', '2024-05-02 15:30:00', 1800, 2500, '1.571.625', '2024-04-23 15:30:34', 0),
('240423153729', 1, '05/2024', '2024-04-23 15:36:42', '2024-05-03 15:37:00', 790, 1349, '1.211.483', '2024-04-23 15:37:41', 0),
('240423153830', 1, '06/2024', '2024-04-23 15:30:34', '2024-05-19 15:38:00', 2500, 2950, '933.075', '2024-04-23 15:38:40', 0),
('240423154032', 1, '06/2024', '2024-04-23 15:38:40', '2024-05-12 15:40:00', 2950, 3500, '1.605.780', '2024-04-23 15:40:49', 0),
('24042413262703', 1, '06/2024', '2024-04-23 15:37:41', '2024-05-05 13:26:00', 1349, 1368, '46.440', '2024-04-24 13:26:31', 1),
('24042422173888', 1, '04/2024', '2024-04-01 22:17:00', '2024-04-30 22:17:00', 0, 233, '589.767', '2024-04-24 22:17:40', 0),
('24042614341062', 1, '04/2024', '2024-04-01 14:34:00', '2024-04-30 14:34:00', 0, 342, '918.729', '2024-04-26 14:34:21', 0),
('24042621034500', 2, '04/2024', '2024-04-23 15:38:40', '2024-04-25 21:03:00', 2950, 3211, '669.338', '2024-04-26 21:03:46', 0);

-- --------------------------------------------------------

--
-- Cấu trúc bảng cho bảng `khachhang`
--

DROP TABLE IF EXISTS `khachhang`;
CREATE TABLE IF NOT EXISTS `khachhang` (
  `makh` varchar(15) COLLATE utf8mb4_unicode_ci NOT NULL,
  `tenkh` varchar(50) COLLATE utf8mb4_unicode_ci DEFAULT NULL,
  `diachi` varchar(100) COLLATE utf8mb4_unicode_ci DEFAULT NULL,
  `dt` varchar(10) COLLATE utf8mb4_unicode_ci DEFAULT NULL,
  `cccd` varchar(12) COLLATE utf8mb4_unicode_ci DEFAULT NULL,
  PRIMARY KEY (`makh`)
) ENGINE=InnoDB DEFAULT CHARSET=utf8mb4 COLLATE=utf8mb4_unicode_ci;

--
-- Đang đổ dữ liệu cho bảng `khachhang`
--

INSERT INTO `khachhang` (`makh`, `tenkh`, `diachi`, `dt`, `cccd`) VALUES
('0000000000014', 'Khách hàng 51', 'Địa chỉ 5', '123456781', '1234567892'),
('0000000000015', 'Khách hàng vui vẻ', 'Q8', '0833212212', '123456789123'),
('1', 'Khách hàng 1', 'Ai biết', '12345678', '12343'),
('10', 'Khách hàng 10', 'Địa chỉ 10', '123456786', '1234567897'),
('11', 'Khách hàng 11', 'Địa chỉ 11', '123456787', '1234567898'),
('12', 'Khách hàng 12', 'Địa chỉ 12', '123456788', '1234567899'),
('2', 'Khách hàng 2', 'Ai biết 2', '12345678', '1234567'),
('3', 'Khách hàng 3', 'Địa chỉ 3', '123456789', '1234567890'),
('4', 'Khách hàng 4', 'Địa chỉ 4', '123456780', '1234567891'),
('6', 'Khách hàng 6', 'Địa chỉ 6', '123456782', '1234567893'),
('7', 'Khách hàng 7', 'Địa chỉ 7', '123456783', '1234567894'),
('8', 'Khách hàng 8', 'Địa chỉ 8', '123456784', '1234567895'),
('9', 'Khách hàng 9', 'Địa chỉ 9', '123456785', '1234567896');

-- --------------------------------------------------------

--
-- Cấu trúc bảng cho bảng `nhanvien`
--

DROP TABLE IF EXISTS `nhanvien`;
CREATE TABLE IF NOT EXISTS `nhanvien` (
  `manv` int(15) NOT NULL AUTO_INCREMENT,
  `taikhoan` varchar(255) COLLATE utf8mb4_unicode_ci NOT NULL,
  `matkhau` varchar(255) COLLATE utf8mb4_unicode_ci NOT NULL,
  `tennv` varchar(50) COLLATE utf8mb4_unicode_ci DEFAULT NULL,
  `diachi` varchar(100) COLLATE utf8mb4_unicode_ci DEFAULT NULL,
  `dt` varchar(10) COLLATE utf8mb4_unicode_ci DEFAULT NULL,
  `cccd` varchar(12) COLLATE utf8mb4_unicode_ci DEFAULT NULL,
  `quyen` int(1) DEFAULT NULL,
  PRIMARY KEY (`manv`)
) ENGINE=InnoDB AUTO_INCREMENT=8 DEFAULT CHARSET=utf8mb4 COLLATE=utf8mb4_unicode_ci;

--
-- Đang đổ dữ liệu cho bảng `nhanvien`
--

INSERT INTO `nhanvien` (`manv`, `taikhoan`, `matkhau`, `tennv`, `diachi`, `dt`, `cccd`, `quyen`) VALUES
(1, 'nv1@gmail.com', '827ccb0eea8a706c4c34a16891f84e7b', 'Nhân viên 1', 'Ai biet', '123456789', '1234567890', 1),
(2, 'nhanvien100@gmail.com', 'e10adc3949ba59abbe56e057f20f883e', 'Nhân viên 200', 'Long An', '0833252402', '123456789123', 0),
(7, 'nhanvien2@gmail.com', '827ccb0eea8a706c4c34a16891f84e7b', 'Nhân viên 10', 'q8', '0324746664', '012345678912', 0);

-- --------------------------------------------------------

--
-- Cấu trúc bảng cho bảng `tinhdien`
--

DROP TABLE IF EXISTS `tinhdien`;
CREATE TABLE IF NOT EXISTS `tinhdien` (
  `id_tinhdien` int(15) NOT NULL AUTO_INCREMENT,
  `mahd` varchar(15) COLLATE utf8mb4_unicode_ci DEFAULT NULL,
  `mabac` int(15) DEFAULT NULL,
  `sanluongKwh` int(200) DEFAULT NULL,
  `thanhtien` varchar(255) COLLATE utf8mb4_unicode_ci DEFAULT NULL,
  PRIMARY KEY (`id_tinhdien`),
  KEY `fk_tinhtien_mahd` (`mahd`),
  KEY `fk_tinhtien_mabac` (`mabac`)
) ENGINE=InnoDB AUTO_INCREMENT=170 DEFAULT CHARSET=utf8mb4 COLLATE=utf8mb4_unicode_ci;

--
-- Đang đổ dữ liệu cho bảng `tinhdien`
--

INSERT INTO `tinhdien` (`id_tinhdien`, `mahd`, `mabac`, `sanluongKwh`, `thanhtien`) VALUES
(1, '240412155314', 14, 101, '125.442'),
(2, '240412155314', 15, 50, '65.200'),
(3, '240412155314', 3, 50, '82.550'),
(4, '240412155314', 16, 11, '19.668'),
(21, '240412234531', 14, 101, '125.442'),
(22, '240412234531', 15, 43, '56.072'),
(23, '240413012415', 14, 101, '125.442'),
(24, '240413012415', 15, 50, '65.200'),
(25, '240413012415', 3, 50, '82.550'),
(26, '240413012415', 16, 45, '80.460'),
(27, '240413012415', 9, 0, '0.000'),
(28, '240413012415', 12, 0, '0.000'),
(42, '240416000110', 15, 0, '0.000'),
(43, '240416000110', 3, 0, '0.000'),
(44, '240416000110', 16, 0, '0.000'),
(45, '240416000110', 9, 0, '0.000'),
(46, '240416000110', 12, 0, '0.000'),
(57, '240416221449', 21, 100, '100.000'),
(58, '240416221449', 22, 22, '22.000'),
(59, '240416221449', 23, 0, '0.000'),
(60, '240416221449', 24, 0, '0.000'),
(61, '240416221449', 25, 0, '0.000'),
(62, '240416222347', 21, 100, '100.000'),
(63, '240416222347', 22, 50, '50.000'),
(64, '240416222347', 23, 50, '50.000'),
(65, '240416222347', 24, 50, '50.000'),
(66, '240416222347', 25, 83, '83.000'),
(67, '240416232332', 17, 100, '124.200'),
(68, '240416232332', 18, 50, '65.200'),
(69, '240416232332', 19, 50, '82.550'),
(70, '240416232332', 20, 100, '178.800'),
(71, '240416232332', 21, 33, '63.096'),
(72, '240416232332', 22, 0, '0.000'),
(73, '240416235901', 47, 135, '166.590'),
(74, '240416235901', 48, 0, '0.000'),
(75, '240416235901', 49, 0, '0.000'),
(76, '240416235901', 50, 0, '0.000'),
(77, '240416235901', 51, 0, '0.000'),
(78, '240416235901', 52, 0, '0.000'),
(79, '240416235901', 53, 0, '0.000'),
(80, '240417001326', 54, 42, '63.924'),
(81, '240417001326', 55, 0, '0.000'),
(82, '240417001326', 56, 0, '0.000'),
(83, '240417001326', 57, 0, '0.000'),
(84, '240417001326', 58, 0, '0.000'),
(100, '240423020911', 66, 100, '123.400'),
(101, '240423020911', 67, 50, '72.800'),
(102, '240423020911', 68, 50, '89.450'),
(103, '240423020911', 69, 42, '82.488'),
(104, '240423020911', 70, 0, '0.000'),
(105, '240423112957', 66, 100, '123.400'),
(106, '240423112957', 67, 50, '72.800'),
(107, '240423112957', 68, 49, '87.661'),
(108, '240423112957', 69, -1, '-1.964'),
(109, '240423112957', 70, 0, '0.000'),
(110, '240423151331', 66, 100, '123.400'),
(111, '240423151331', 67, 46, '66.976'),
(112, '240423151331', 68, 0, '0.000'),
(113, '240423151331', 69, 0, '0.000'),
(114, '240423151331', 70, 0, '0.000'),
(115, '240423151541', 66, 100, '123.400'),
(116, '240423151541', 67, 50, '72.800'),
(117, '240423151541', 68, 50, '89.450'),
(118, '240423151541', 69, 50, '98.200'),
(119, '240423151541', 70, 0, '0.000'),
(120, '240423151628', 66, 100, '123.400'),
(121, '240423151628', 67, 50, '72.800'),
(122, '240423151628', 68, 50, '89.450'),
(123, '240423151628', 69, 50, '98.200'),
(124, '240423151628', 70, -250, '-580.500'),
(125, '240423152115', 66, 100, '123.400'),
(126, '240423152115', 67, 50, '72.800'),
(127, '240423152115', 68, 50, '89.450'),
(128, '240423152115', 69, 50, '98.200'),
(129, '240423152115', 70, -250, '-580.500'),
(130, '240423152755', 66, 100, '123.400'),
(131, '240423152755', 67, 50, '72.800'),
(132, '240423152755', 68, 50, '89.450'),
(133, '240423152755', 69, 50, '98.200'),
(134, '240423152755', 70, -250, '-580.500'),
(135, '240423153619', 66, 100, '123.400'),
(136, '240423153619', 67, 50, '72.800'),
(137, '240423153619', 68, 50, '89.450'),
(138, '240423153619', 69, 50, '98.200'),
(139, '240423153619', 70, 298, '691.956'),
(140, '240423153729', 66, 100, '123.400'),
(141, '240423153729', 67, 50, '72.800'),
(142, '240423153729', 68, 50, '89.450'),
(143, '240423153729', 69, 50, '98.200'),
(144, '240423153729', 70, 309, '717.498'),
(145, '240423153830', 66, 100, '123.400'),
(146, '240423153830', 67, 50, '72.800'),
(147, '240423153830', 68, 50, '89.450'),
(148, '240423153830', 69, 50, '98.200'),
(149, '240423153830', 70, 200, '464.400'),
(150, '240423154032', 71, 150, '333.300'),
(151, '240423154032', 72, 100, '244.400'),
(152, '240423154032', 73, 100, '279.900'),
(153, '240423154032', 74, 200, '602.200'),
(154, '24042413262703', 71, 19, '42.218'),
(155, '24042413262703', 72, 0, '0.000'),
(156, '24042413262703', 73, 0, '0.000'),
(157, '24042413262703', 74, 0, '0.000'),
(158, '24042422173888', 71, 150, '333.300'),
(159, '24042422173888', 72, 83, '202.852'),
(160, '24042422173888', 73, 0, '0.000'),
(161, '24042422173888', 74, 0, '0.000'),
(162, '24042614341062', 71, 150, '333.300'),
(163, '24042614341062', 72, 100, '244.400'),
(164, '24042614341062', 73, 92, '257.508'),
(165, '24042614341062', 74, 0, '0.000'),
(166, '24042621034500', 71, 150, '333.300'),
(167, '24042621034500', 72, 100, '244.400'),
(168, '24042621034500', 73, 11, '30.789'),
(169, '24042621034500', 74, 0, '0.000');

--
-- Các ràng buộc cho các bảng đã đổ
--

--
-- Các ràng buộc cho bảng `cthoadon`
--
ALTER TABLE `cthoadon`
  ADD CONSTRAINT `fk_cthoadon_madk` FOREIGN KEY (`madk`) REFERENCES `dienke` (`madk`),
  ADD CONSTRAINT `fk_cthoadon_mahd` FOREIGN KEY (`mahd`) REFERENCES `hoadon` (`mahd`);

--
-- Các ràng buộc cho bảng `dienke`
--
ALTER TABLE `dienke`
  ADD CONSTRAINT `fk_dienke_makh` FOREIGN KEY (`makh`) REFERENCES `khachhang` (`makh`);

--
-- Các ràng buộc cho bảng `hoadon`
--
ALTER TABLE `hoadon`
  ADD CONSTRAINT `fk_manv_nhanvien` FOREIGN KEY (`manv`) REFERENCES `nhanvien` (`manv`);

--
-- Các ràng buộc cho bảng `tinhdien`
--
ALTER TABLE `tinhdien`
  ADD CONSTRAINT `fk_tinhtien_mabac` FOREIGN KEY (`mabac`) REFERENCES `giadien` (`mabac`),
  ADD CONSTRAINT `fk_tinhtien_mahd` FOREIGN KEY (`mahd`) REFERENCES `hoadon` (`mahd`);
COMMIT;

/*!40101 SET CHARACTER_SET_CLIENT=@OLD_CHARACTER_SET_CLIENT */;
/*!40101 SET CHARACTER_SET_RESULTS=@OLD_CHARACTER_SET_RESULTS */;
/*!40101 SET COLLATION_CONNECTION=@OLD_COLLATION_CONNECTION */;
